board size,depth,execution time
3,1,0.002035
3,2,0.002873
3,3,0.008248
4,1,0.004752
4,2,0.025533
4,3,0.125128
5,1,0.016100
5,2,0.137172
5,3,1.174103
6,1,0.048381
6,2,0.704506
6,3,7.235640
7,1,0.117960
7,2,2.232858
7,3,33.513151
