board size,depth,execution time
3,1,0.0010700225830078125
3,2,0.0029611587524414062
3,3,0.009433984756469727
4,1,0.00634002685546875
4,2,0.03671121597290039
4,3,0.17406678199768066
5,1,0.022295713424682617
5,2,0.2243027687072754
5,3,1.9883859157562256
6,1,0.08050704002380371
6,2,1.406043291091919
6,3,14.234096765518188
7,1,0.20282602310180664
7,2,4.487572908401489
7,3,71.85894203186035